признак,важность,sd,смысл
Attr27,0.3124929009662477,0.02067748092033632,операционная прибыль / финансовые расходы
Attr21,0.2753511385446915,0.017536539366758832,выручка (n) / выручка (n−1)
Attr35,0.036178611420257654,0.006766202199073678,прибыль от продаж / активы
Attr34,0.03364395423784935,0.006660035931358584,операционные расходы / обязательства
Attr24,0.01954490931288284,0.007893570325883822,валовая прибыль за 3 года / активы
Attr38,0.014621761175479375,0.004459673899998117,постоянный капитал / активы
Attr46,0.014070583692096817,0.0033725105020457023,(оборотные активы − запасы) / краткосрочные обязательства
Attr58,0.012602010195380186,0.005306739705905904,совокупные затраты / выручка
Attr56,0.012477245996757692,0.003036785347282933,(выручка − себестоимость) / выручка
Attr25,0.008504761097079361,0.003752549467096443,(капитал − уставный капитал) / активы
Attr54,0.007474486468639829,0.0019902496072470716,постоянный капитал / внеоборотные активы
Attr9,0.0074691259881252805,0.002979194249486765,выручка / активы
Attr36,0.006566140621394212,0.0014928164040877551,выручка / активы
Attr42,0.005706749641498987,0.0020536504123384843,операционная прибыль / выручка
Attr39,0.005310978452535942,0.0008702184050441744,прибыль от продаж / выручка
Attr13,0.005008210142566904,0.003856146205352243,(валовая прибыль + амортизация) / выручка
Attr40,0.003961683083857137,0.0029994614497362263,(оборотные активы − запасы − дебиторка) / краткосрочные обязательства
Attr26,0.003278943541204604,0.0017386837683138405,(чистая прибыль + амортизация) / обязательства
Attr22,0.0032716315221604786,0.0010446824875268597,операционная прибыль / активы
Attr15,0.003087188843331412,0.0009452232532138467,обязательства × 365 / (валовая прибыль + амортизация)
Attr6,0.0021075921422311185,0.0009345180192350217,нераспределённая прибыль / активы
Attr5,0.0012794943331161269,0.000997783223502795,(денежные средства + ценные бумаги + дебиторка − краткосрочные обязательства) / (операционные расходы − амортизация) × 365
Attr43,0.0012364353205324252,0.0008710134435560314,"оборачиваемость дебиторки + запасов, дней"
Attr20,0.001218268372977882,0.0007573572065313208,запасы × 365 / выручка
Attr51,0.0011548656867198747,0.0007107365474807127,краткосрочные обязательства / активы
Attr55,0.0011318295543275014,0.0016396514041042577,оборотный капитал
Attr12,0.0007980962169363059,0.0003977821778107618,валовая прибыль / краткосрочные обязательства
Attr62,0.000775444745594267,0.0004984325221658887,краткосрочные обязательства × 365 / выручка
Attr48,0.0007750042542330471,0.0013495552736356516,EBITDA / активы
Attr7,0.000702412357143567,0.0002858361670557491,EBIT / активы
Attr32,0.0006573650165370593,0.0005213172393287472,краткосрочные обязательства × 365 / себестоимость
Attr44,0.0006549004274413739,0.0015019068516205973,дебиторка × 365 / выручка
Attr63,0.00047334521850689315,0.0005561248448988668,выручка / краткосрочные обязательства
Attr11,0.0003446645015236172,0.0015432176240591493,(валовая прибыль + чрезвычайные статьи + финансовые расходы) / активы
Attr61,0.00032816866835116976,0.0012240047193944283,выручка / дебиторка
Attr19,0.00020711502154524553,0.00020334167534055784,валовая прибыль / выручка
Attr41,0.0001217313107812812,0.00109355785076615,обязательства / ((операционная прибыль + амортизация) × 12/365)
Attr47,0.0001017114855488388,0.0009033362598615059,запасы × 365 / себестоимость
Attr1,0.00010070975826204087,0.0003022615993507026,чистая прибыль / активы
Attr52,9.833196290333079e-05,0.0002996190355795037,краткосрочные обязательства × 365 / себестоимость
Attr2,1.0015585212164169e-05,0.00035181389472150346,обязательства / активы
Attr18,0.0,0.0,валовая прибыль / активы
Attr16,-9.039779930526403e-05,0.00047576960647738715,(валовая прибыль + амортизация) / обязательства
Attr14,-0.00016131338640011926,0.00011222588496751033,(валовая прибыль + проценты) / активы
Attr33,-0.0001833715728230323,0.001216201780655158,операционные расходы / краткосрочные обязательства
Attr50,-0.00025153961704861284,0.0006378991435196171,оборотные активы / обязательства
Attr23,-0.0002654476227741953,0.00023981370425146386,чистая прибыль / выручка
Attr45,-0.0003545578069041766,0.0024563065926418636,чистая прибыль / запасы
Attr49,-0.00043837459038140734,0.00044335931414876976,EBITDA / выручка
Attr31,-0.00043950928154976585,0.000450376599556262,(валовая прибыль + проценты) / выручка
Attr17,-0.0005895978382454925,0.0005322261339998645,активы / обязательства
Attr57,-0.0006474735573654633,0.0014649748007982773,(оборотные активы − запасы − краткосрочные обязательства) / (выручка − валовая прибыль − амортизация)
Attr10,-0.0006901732971139496,0.0006530293343715346,капитал / активы
Attr30,-0.0007149437458918162,0.00043698175680714475,(обязательства − денежные средства) / выручка
Attr8,-0.0007884602772645022,0.0002236611599087664,балансовый капитал / обязательства
Attr53,-0.0009518224193420632,0.00035611322077116917,капитал / внеоборотные активы
Attr59,-0.000983557277007796,0.0006155227629881617,долгосрочные обязательства / капитал
Attr3,-0.001086833385997532,0.000457529451104813,оборотный капитал / активы
Attr29,-0.0011570477364019171,0.0017331222818478065,логарифм активов
Attr37,-0.0012742322941883932,0.001991503459386503,(оборотные активы − запасы) / долгосрочные обязательства
Attr28,-0.0017214899057913292,0.000990124385337268,оборотный капитал / внеоборотные активы
Attr4,-0.001873325793625724,0.0009702812720634831,оборотные активы / краткосрочные обязательства
Attr60,-0.0038957938186155337,0.0021741166949252556,выручка / запасы
Attr64,-0.0070611643673575974,0.0011592391820646625,выручка / внеоборотные активы
