горизонт,модель,ROC-AUC,Gini,PR-AUC,KS,Brier,PR-AUC на CV,база PR
5,Логистическая регрессия,0.6803911900065747,0.36078238001314933,0.09135884822990413,0.3254803126597998,0.21122790201583933,0.12590395563395018,0.03840682788051209
5,Дерево решений (глубина 3),0.8460899262181313,0.6921798524362626,0.2869419606337727,0.5740740740740741,0.14394674253274461,0.16697813963578273,0.03840682788051209
5,Случайный лес,0.9302542187157572,0.8605084374315144,0.4820696272262504,0.7167798962670757,0.029313205855382222,0.4107240093491257,0.03840682788051209
5,Градиентный бустинг,0.9674434460759247,0.9348868921518494,0.7757035014019085,0.8293520344802396,0.016765657511207295,0.7365636941631044,0.03840682788051209
4,Логистическая регрессия,0.6757673942701228,0.35153478854024556,0.0695605965853539,0.32045247839927243,0.22719780899017122,0.08309984551152887,0.039318479685452164
4,Дерево решений (глубина 3),0.7793585152341973,0.5587170304683946,0.22817998147787744,0.4275579809004093,0.1813191743744319,0.2006002657511437,0.039318479685452164
4,Случайный лес,0.8624971577989995,0.724994315597999,0.42329161188812875,0.6097771714415644,0.032502249622545144,0.3539692384486857,0.039318479685452164
4,Градиентный бустинг,0.9461047635288767,0.8922095270577535,0.6799856826234413,0.7337426102773988,0.020409667149090475,0.6633251938118753,0.039318479685452164
3,Логистическая регрессия,0.7248210365349276,0.44964207306985515,0.1219683368651274,0.3621500655044288,0.21363071884717552,0.10759449955004112,0.047286575690257064
3,Дерево решений (глубина 3),0.7848123622283131,0.5696247244566262,0.16812849759167126,0.46389208089461614,0.17418074307416329,0.195321279400992,0.047286575690257064
3,Случайный лес,0.872429565971679,0.744859131943358,0.41160086886905606,0.6207651274988933,0.03841860670505687,0.4277592034041291,0.047286575690257064
3,Градиентный бустинг,0.9316495937831155,0.863299187566231,0.6442441896982876,0.7232001931598173,0.02826031030375694,0.6862948204828576,0.047286575690257064
2,Логистическая регрессия,0.6952998041102083,0.3905996082204166,0.11779577071103034,0.34265876925573474,0.19888992652572438,0.15467460411252026,0.052756977535738596
2,Дерево решений (глубина 3),0.7148006908302713,0.4296013816605426,0.1326990348103056,0.39085693090538176,0.1789212692184013,0.135005080960587,0.052756977535738596
2,Случайный лес,0.8622651350944097,0.7245302701888194,0.36683368388400583,0.5859075261089797,0.04402468398539841,0.35170397151246335,0.052756977535738596
2,Градиентный бустинг,0.942885955049668,0.885771910099336,0.7374975772913832,0.7595609286798883,0.024860504328204094,0.7110572818340072,0.052756977535738596
1,Логистическая регрессия,0.8527814732692781,0.7055629465385562,0.350050348682711,0.5764523281596452,0.16033552391174155,0.3275522856503269,0.06937394247038917
1,Дерево решений (глубина 3),0.8218181818181818,0.6436363636363636,0.3357299590273036,0.5557871396895788,0.14260260756119417,0.2840894350246462,0.06937394247038917
1,Случайный лес,0.9236659275683666,0.8473318551367333,0.5279994159722329,0.7174427198817442,0.049553896424045285,0.4897464406605539,0.06937394247038917
1,Градиентный бустинг,0.9599704360679971,0.9199408721359943,0.8077942313225361,0.8246563192904656,0.028355638398516143,0.7893241737585759,0.06937394247038917
