,0
Attr37,0.4311
Attr27,0.0662
Attr45,0.0453
Attr60,0.0453
Attr24,0.0228
Attr28,0.0181
Attr64,0.0181
Attr53,0.0181
Attr54,0.0181
Attr21,0.0174
Attr41,0.0142
Attr32,0.0078
Attr52,0.0061
Attr47,0.0059
Attr40,0.0036
Attr63,0.0036
Attr46,0.0036
Attr33,0.0036
Attr4,0.0036
Attr12,0.0036
Attr8,0.003
Attr50,0.003
Attr17,0.003
Attr34,0.003
Attr26,0.003
Attr16,0.003
Attr61,0.0025
Attr5,0.0019
Attr15,0.001
Attr10,0.0005
Attr59,0.0005
Attr57,0.0005
Attr11,0.0005
Attr48,0.0005
Attr51,0.0005
Attr7,0.0005
Attr1,0.0005
Attr36,0.0005
Attr38,0.0005
Attr35,0.0005
Attr2,0.0005
Attr14,0.0005
Attr29,0.0005
Attr25,0.0005
Attr3,0.0005
Attr22,0.0005
Attr18,0.0005
Attr6,0.0005
Attr9,0.0002
