дециль,заёмщиков,дефолтов,доля_дефолтов,мин_балл,лифт
0,900,612,0.68,465.41193780911294,3.0738322451029636
1,910,380,0.4175824175824176,507.76587340514146,1.8876151472836558
2,890,202,0.22696629213483147,533.290265126203,1.0259651578169178
3,900,200,0.2222222222222222,552.9899469579611,1.0045203415369162
4,900,152,0.1688888888888889,562.1920671234344,0.7634354595680564
5,900,109,0.12111111111111111,566.9836932277436,0.5474635861376194
6,900,120,0.13333333333333333,571.0527283119898,0.6027122049221497
7,900,82,0.09111111111111111,575.174159456107,0.41185334003013563
8,900,65,0.07222222222222222,579.5538261686089,0.3264691109994977
9,900,69,0.07666666666666666,584.7346049675623,0.34655951783023603
