,,good,bad,n,bad_rate,woe,iv,points
limit,0,3649,1728,5377,0.3213687930072531,-0.5109438632331645,0.0760174781443496,40.0
limit,1,1619,549,2168,0.2532287822878228,-0.1774160899954643,0.0034098212019434,44.0
limit,2,2362,767,3129,0.245126238414829,-0.1339428748566267,0.0027726226733242,44.0
limit,3,2968,637,3605,0.1766990291262136,0.2799777219149766,0.0124072334748572,49.0
limit,4,2999,555,3554,0.1561620709060213,0.4280522232502909,0.0273320623831291,51.0
limit,5,2758,409,3167,0.1291443005999368,0.6492253746561892,0.0522825577070302,53.0
education,1,5942,1437,7379,0.1947418349369833,0.1607903363892962,0.0086763683393382,48.0
education,2,7513,2320,9833,0.235940201362758,-0.0835153673889965,0.0033414330718926,45.0
education,3,2577,863,3440,0.2508720930232558,-0.1648527718691655,0.0046556091735009,44.0
education,4,323,25,348,0.0718390804597701,1.2820865716030274,0.0183210864336029,60.0
delay_last,0,13971,2218,16189,0.1370066094261535,0.5816771247686365,0.2191353740328928,57.0
delay_last,1,1721,895,2616,0.3421253822629969,-0.6049420625635518,0.0529185347289777,34.0
delay_last,2,663,1532,2195,0.6979498861047836,-2.0956379378794683,0.6061700417223831,5.0
delay_months,0,12317,1593,13910,0.1145219266714593,0.7866540703871799,0.3226320916536303,53.0
delay_months,1,2178,931,3109,0.2994532003859761,-0.4088384346576935,0.027501472009157,42.0
delay_months,2,808,531,1339,0.3965646004480956,-0.8389566089383883,0.0544872838394734,38.0
delay_months,3,1052,1590,2642,0.6018168054504164,-1.6713142358062096,0.4644887877637083,30.0
delay_trend,0,14362,3051,17413,0.175213920634009,0.2904762463310978,0.0642999398202379,45.0
delay_trend,1,1522,695,2217,0.3134866937302661,-0.4750331356208092,0.0268870160328721,47.0
delay_trend,2,471,899,1370,0.6562043795620438,-1.9044310751584392,0.3137742736369392,51.0
util_last,0,2736,764,3500,0.2182857142857142,0.0169329304516835,4.7561741387571466e-05,46.0
util_last,1,2932,568,3500,0.1622857142857142,0.3823292125738674,0.021777246626558,43.0
util_last,2,2913,587,3500,0.1677142857142857,0.3429540858016425,0.0177341968569662,43.0
util_last,3,2658,843,3501,0.2407883461868037,-0.1103226238048021,0.0020912795909419,47.0
util_last,4,2551,948,3499,0.2709345527293512,-0.268725143634215,0.0129223308394678,48.0
util_last,5,2565,935,3500,0.2671428571428571,-0.249452530095297,0.011084369994717,48.0
util_mean,0,2700,800,3500,0.2285714285714285,-0.0423243671669959,0.0003020772082575,45.0
util_mean,1,2979,521,3500,0.1488571428571428,0.4845214509830344,0.0338896099598735,50.0
util_mean,2,2942,558,3500,0.1594285714285714,0.4034801658620042,0.0240967212785831,49.0
util_mean,3,2761,739,3500,0.2111428571428571,0.0592749524272157,0.0005759031538945,46.0
util_mean,4,2600,900,3500,0.2571428571428571,-0.1977712061660558,0.0068755239841493,44.0
util_mean,5,2373,1127,3500,0.322,-0.513917188148633,0.0500967772756608,41.0
util_trend,0,2433,1067,3500,0.3048571428571429,-0.4342689705924429,0.03513389898177,42.0
util_trend,1,2641,859,3500,0.2454285714285714,-0.1355286629817058,0.0031764697497748,44.0
util_trend,2,2691,809,3500,0.2311428571428571,-0.05684288987985,0.0005470389160316,45.0
util_trend,3,2912,588,3500,0.168,0.3409101164104524,0.0175343168304893,49.0
util_trend,4,2923,577,3500,0.1648571428571428,0.3635483104566043,0.0198035323804892,49.0
util_trend,5,2755,745,3500,0.2128571428571428,0.0490190043553247,0.0003950011154963,46.0
pay_ratio_mean,0,2354,1146,3500,0.3274285714285714,-0.5386654873775221,0.0553368595628087,41.0
pay_ratio_mean,1,2641,859,3500,0.2454285714285714,-0.1355286629817058,0.0031764697497748,45.0
pay_ratio_mean,2,2545,955,3500,0.2728571428571428,-0.2784324451011093,0.01391058412305,43.0
pay_ratio_mean,3,2865,635,3500,0.1814285714285714,0.2478059885991112,0.0095278313358412,48.0
pay_ratio_mean,4,4067,842,4909,0.1715216948462008,0.3161301221035039,0.021305379350927,49.0
pay_ratio_mean,5,1883,208,2091,0.0994739359158297,0.9426679311300674,0.0662548824687828,55.0
pay_ratio_last,0,2424,1310,3734,0.3508302088912694,-0.6430634809812265,0.0859996346917112,47.0
pay_ratio_last,1,2621,645,3266,0.1974892835272504,0.1431966869627181,0.0030616942967598,46.0
pay_ratio_last,2,2781,719,3500,0.2054285714285714,0.0939090484247531,0.0014313018123413,46.0
pay_ratio_last,3,2648,852,3500,0.2434285714285714,-0.1247045429362627,0.0026816058417056,46.0
pay_ratio_last,4,4135,912,5047,0.1807014067763027,0.2528953789121422,0.0142863334452975,45.0
pay_ratio_last,5,1746,207,1953,0.1059907834101382,0.8719576698129614,0.0541699114362848,45.0
zero_pay_months,0,9337,1485,10822,0.1372204768065052,0.5798530443648632,0.1456520746868299,52.0
zero_pay_months,1,2694,1120,3814,0.2936549554273728,-0.3809964460409776,0.0291053125405461,42.0
zero_pay_months,2,2492,1274,3766,0.3382899628252788,-0.587701812153724,0.071630108799474,39.0
zero_pay_months,3,1832,766,2598,0.2948421862971516,-0.3868323547246095,0.0204686846557125,41.0
pay_total,0,2626,876,3502,0.2501427755568247,-0.1608093187304451,0.0045046055771987,44.0
pay_total,1,2853,645,3498,0.1843910806174957,0.2279963249268934,0.0081083938922269,48.0
pay_total,2,2741,759,3500,0.2168571428571428,0.0253201180451032,0.0001060969516211,46.0
pay_total,3,2600,902,3502,0.2575671045117076,-0.199989731757081,0.0070387052175269,43.0
pay_total,4,2649,849,3498,0.2427101200686106,-0.1208017739423421,0.0025123269312222,44.0
pay_total,5,2886,614,3500,0.1754285714285714,0.2887109907317266,0.0127756349037038,49.0
