,,good,bad,n,bad_rate,woe,iv
limit,0,3649,1728,5377,0.32136879300725313,-0.5109438632331645,0.07601747814434963
limit,1,1619,549,2168,0.25322878228782286,-0.1774160899954643,0.0034098212019434094
limit,2,2362,767,3129,0.24512623841482903,-0.13394287485662673,0.002772622673324229
limit,3,2968,637,3605,0.1766990291262136,0.27997772191497666,0.012407233474857263
limit,4,2999,555,3554,0.15616207090602138,0.42805222325029096,0.027332062383129126
limit,5,2758,409,3167,0.12914430059993684,0.6492253746561892,0.052282557707030296
age,0,2696,902,3598,0.2506948304613674,-0.16373883019292645,0.0048019105384316954
age,1,3286,844,4130,0.20435835351089587,0.10055365669260403,0.0019326231201818034
age,2,2659,651,3310,0.19667673716012085,0.14833596285430023,0.0033246815272281642
age,3,2836,768,3604,0.21309655937846836,0.04760555902479909,0.00038377043649829136
age,4,2456,686,3142,0.21833227243793762,0.01660657163750477,4.107196207815073e-05
age,5,2422,794,3216,0.2468905472636816,-0.14343769697502162,0.0032762688382479703
sex,1,6302,2023,8325,0.243003003003003,-0.12247047340802385,0.006148427458358641
sex,2,10053,2622,12675,0.2068639053254438,0.08520460314107127,0.0042775561076323155
education,1,5942,1437,7379,0.19474183493698333,0.1607903363892962,0.008676368339338204
education,2,7513,2320,9833,0.23594020136275806,-0.08351536738899658,0.0033414330718926567
education,3,2577,863,3440,0.2508720930232558,-0.16485277186916555,0.004655609173500993
education,4,323,25,348,0.07183908045977011,1.2820865716030274,0.018321086433602966
marriage,1,7308,2218,9526,0.23283644761704808,-0.06630436133098047,0.002030950903804436
marriage,2,8850,2358,11208,0.21038543897216275,0.06393700701553112,0.002142753730666336
marriage,3,197,69,266,0.2593984962406015,-0.21409929207093362,0.0006172021268155534
delay_max,0,12317,1593,13910,0.11452192667145938,0.7866540703871799,0.3226320916536303
delay_max,1,907,293,1200,0.24416666666666667,-0.12961816330269257,0.0009952333306200484
delay_max,2,2820,2236,5056,0.442246835443038,-1.0264320598664192,0.3170078179409074
delay_max,3,311,523,834,0.6270983213429256,-1.777571782256631,0.16639758847610606
delay_last,0,13971,2218,16189,0.13700660942615356,0.5816771247686365,0.21913537403289285
delay_last,1,1721,895,2616,0.34212538226299694,-0.6049420625635518,0.052918534728977784
delay_last,2,663,1532,2195,0.6979498861047836,-2.0956379378794683,0.6061700417223831
delay_months,0,12317,1593,13910,0.11452192667145938,0.7866540703871799,0.3226320916536303
delay_months,1,2178,931,3109,0.29945320038597617,-0.40883843465769354,0.027501472009157094
delay_months,2,808,531,1339,0.3965646004480956,-0.8389566089383883,0.05448728383947349
delay_months,3,1052,1590,2642,0.6018168054504164,-1.6713142358062096,0.46448878776370833
delay_mean,0,12317,1593,13910,0.11452192667145938,0.7866540703871799,0.3226320916536303
delay_mean,1,890,289,1179,0.24512298558100085,-0.13480628445688086,0.00105913704209862
delay_mean,2,1653,799,2452,0.32585644371941275,-0.5317710900257088,0.03773355259061053
delay_mean,3,1495,1964,3459,0.5677941601618965,-1.531211251102059,0.5073164887194318
delay_trend,0,14362,3051,17413,0.17521392063400906,0.2904762463310978,0.06429993982023795
delay_trend,1,1522,695,2217,0.3134866937302661,-0.47503313562080923,0.026887016032872166
delay_trend,2,471,899,1370,0.6562043795620438,-1.9044310751584392,0.31377427363693927
util_last,0,2736,764,3500,0.21828571428571428,0.016932930451683537,4.7561741387571466e-05
util_last,1,2932,568,3500,0.16228571428571428,0.3823292125738674,0.02177724662655801
util_last,2,2913,587,3500,0.1677142857142857,0.34295408580164255,0.01773419685696629
util_last,3,2658,843,3501,0.24078834618680378,-0.1103226238048021,0.0020912795909419925
util_last,4,2551,948,3499,0.27093455272935124,-0.26872514363421507,0.012922330839467833
util_last,5,2565,935,3500,0.2671428571428571,-0.24945253009529705,0.011084369994717064
util_mean,0,2700,800,3500,0.22857142857142856,-0.04232436716699592,0.00030207720825759594
util_mean,1,2979,521,3500,0.14885714285714285,0.4845214509830344,0.03388960995987355
util_mean,2,2942,558,3500,0.15942857142857142,0.40348016586200425,0.024096721278583123
util_mean,3,2761,739,3500,0.21114285714285713,0.05927495242721571,0.0005759031538945644
util_mean,4,2600,900,3500,0.2571428571428571,-0.1977712061660558,0.006875523984149325
util_mean,5,2373,1127,3500,0.322,-0.513917188148633,0.05009677727566081
util_max,0,2680,821,3501,0.23450442730648385,-0.07565336897290258,0.0009742572299908026
util_max,1,2967,532,3499,0.15204344098313805,0.45961217413707073,0.03072245557445542
util_max,2,2921,579,3500,0.16542857142857142,0.359406744451513,0.01937933656225883
util_max,3,2694,806,3500,0.2302857142857143,-0.05201601495488436,0.00045747380544740963
util_max,4,2589,911,3500,0.2602857142857143,-0.2141515630179439,0.00809580787429274
util_max,5,2504,996,3500,0.2845714285714286,-0.3366848016183502,0.02063466179982937
util_trend,0,2433,1067,3500,0.3048571428571429,-0.43426897059244296,0.03513389898177008
util_trend,1,2641,859,3500,0.24542857142857144,-0.13552866298170585,0.0031764697497748697
util_trend,2,2691,809,3500,0.23114285714285715,-0.056842889879850055,0.0005470389160316429
util_trend,3,2912,588,3500,0.168,0.34091011641045244,0.017534316830489317
util_trend,4,2923,577,3500,0.16485714285714287,0.3635483104566043,0.01980353238048924
util_trend,5,2755,745,3500,0.21285714285714286,0.049019004355324795,0.00039500111549632406
pay_ratio_mean,0,2354,1146,3500,0.3274285714285714,-0.5386654873775221,0.055336859562808725
pay_ratio_mean,1,2641,859,3500,0.24542857142857144,-0.13552866298170585,0.0031764697497748697
pay_ratio_mean,2,2545,955,3500,0.27285714285714285,-0.2784324451011093,0.013910584123050079
pay_ratio_mean,3,2865,635,3500,0.18142857142857144,0.2478059885991112,0.009527831335841279
pay_ratio_mean,4,4067,842,4909,0.17152169484620086,0.3161301221035039,0.021305379350927068
pay_ratio_mean,5,1883,208,2091,0.09947393591582974,0.9426679311300674,0.06625488246878283
pay_ratio_last,0,2424,1310,3734,0.3508302088912694,-0.6430634809812265,0.08599963469171122
pay_ratio_last,1,2621,645,3266,0.19748928352725045,0.14319668696271817,0.0030616942967598235
pay_ratio_last,2,2781,719,3500,0.20542857142857143,0.09390904842475314,0.0014313018123413056
pay_ratio_last,3,2648,852,3500,0.24342857142857144,-0.12470454293626274,0.002681605841705678
pay_ratio_last,4,4135,912,5047,0.18070140677630275,0.25289537891214225,0.01428633344529758
pay_ratio_last,5,1746,207,1953,0.10599078341013825,0.8719576698129614,0.0541699114362848
zero_pay_months,0,9337,1485,10822,0.13722047680650526,0.5798530443648632,0.14565207468682997
zero_pay_months,1,2694,1120,3814,0.29365495542737285,-0.38099644604097765,0.0291053125405461
zero_pay_months,2,2492,1274,3766,0.3382899628252788,-0.587701812153724,0.07163010879947408
zero_pay_months,3,1832,766,2598,0.29484218629715164,-0.3868323547246095,0.020468684655712572
pay_total,0,2626,876,3502,0.2501427755568247,-0.16080931873044516,0.004504605577198708
pay_total,1,2853,645,3498,0.1843910806174957,0.22799632492689348,0.008108393892226945
pay_total,2,2741,759,3500,0.21685714285714286,0.02532011804510323,0.00010609695162114226
pay_total,3,2600,902,3502,0.2575671045117076,-0.19998973175708107,0.007038705217526979
pay_total,4,2649,849,3498,0.24271012006861065,-0.12080177394234214,0.0025123269312222435
pay_total,5,2886,614,3500,0.17542857142857143,0.2887109907317266,0.012775634903703896
